Area;Tema;Subtema;Frecuente;Microtema;Fuentes;Estado;Anki;Repasos;FechaEstudio;FechaUltimoRepaso;FechaProximoRepaso;MinutosDedicados
Atencion Primaria;Cardiovascular y riesgo vascular;Hipertension arterial;si;HTA: definicion, cribado y medida correcta de la PA;;sin_empezar;no;0;;;;0
Atencion Primaria;Cardiovascular y riesgo vascular;Hipertension arterial;si;MAPA / AMPA e HTA de bata blanca y enmascarada;;sin_empezar;no;0;;;;0
Atencion Primaria;Cardiovascular y riesgo vascular;Hipertension arterial;si;Estudio inicial y busqueda de lesion de organo diana;;sin_empezar;no;0;;;;0
Atencion Primaria;Cardiovascular y riesgo vascular;Hipertension arterial;si;Tratamiento no farmacologico y objetivos de PA;;sin_empezar;no;0;;;;0
Atencion Primaria;Cardiovascular y riesgo vascular;Hipertension arterial;si;Escalones de tratamiento farmacologico y combinaciones;;sin_empezar;no;0;;;;0
Atencion Primaria;Cardiovascular y riesgo vascular;Hipertension arterial;si;HTA resistente y derivacion;;sin_empezar;no;0;;;;0
Atencion Primaria;Cardiovascular y riesgo vascular;Hipertension arterial;si;Crisis hipertensiva: urgencia vs emergencia;;sin_empezar;no;0;;;;0
Atencion Primaria;Cardiovascular y riesgo vascular;Dislipemia;si;Cribado lipidico y calculo del riesgo cardiovascular (SCORE2);;sin_empezar;no;0;;;;0
Atencion Primaria;Cardiovascular y riesgo vascular;Dislipemia;si;Objetivos de cLDL por categoria de riesgo;;sin_empezar;no;0;;;;0
Atencion Primaria;Cardiovascular y riesgo vascular;Dislipemia;si;Estatinas: eleccion, potencia y efectos adversos;;sin_empezar;no;0;;;;0
Atencion Primaria;Cardiovascular y riesgo vascular;Dislipemia;si;Ezetimiba, iPCSK9 y terapia combinada;;sin_empezar;no;0;;;;0
Atencion Primaria;Cardiovascular y riesgo vascular;Dislipemia;si;Hipertrigliceridemia y dislipemia aterogenica;;sin_empezar;no;0;;;;0
Atencion Primaria;Cardiovascular y riesgo vascular;Fibrilacion auricular;si;Diagnostico, clasificacion y estudio inicial;;sin_empezar;no;0;;;;0
Atencion Primaria;Cardiovascular y riesgo vascular;Fibrilacion auricular;si;Anticoagulacion: CHA2DS2-VASc, HAS-BLED y eleccion de ACOD;;sin_empezar;no;0;;;;0
Atencion Primaria;Cardiovascular y riesgo vascular;Fibrilacion auricular;si;Control de frecuencia vs control de ritmo;;sin_empezar;no;0;;;;0
Atencion Primaria;Cardiovascular y riesgo vascular;Fibrilacion auricular;si;Seguimiento en AP del paciente anticoagulado;;sin_empezar;no;0;;;;0
Atencion Primaria;Cardiovascular y riesgo vascular;Insuficiencia cardiaca cronica;no;Diagnostico, peptidos natriureticos y fenotipos (FEr/FElr/FEp);;sin_empezar;no;0;;;;0
Atencion Primaria;Cardiovascular y riesgo vascular;Insuficiencia cardiaca cronica;no;Tratamiento de la IC-FEr: las cuatro familias;;sin_empezar;no;0;;;;0
Atencion Primaria;Cardiovascular y riesgo vascular;Insuficiencia cardiaca cronica;no;Manejo de descompensaciones y ajuste de diureticos;;sin_empezar;no;0;;;;0
Atencion Primaria;Cardiovascular y riesgo vascular;Insuficiencia cardiaca cronica;no;Seguimiento, educacion y signos de alarma;;sin_empezar;no;0;;;;0
Atencion Primaria;Cardiovascular y riesgo vascular;Cardiopatia isquemica cronica;no;Angina estable: diagnostico y estratificacion;;sin_empezar;no;0;;;;0
Atencion Primaria;Cardiovascular y riesgo vascular;Cardiopatia isquemica cronica;no;Tratamiento antianginoso y prevencion secundaria;;sin_empezar;no;0;;;;0
Atencion Primaria;Cardiovascular y riesgo vascular;Cardiopatia isquemica cronica;no;Antiagregacion y manejo post-SCA en AP;;sin_empezar;no;0;;;;0
Atencion Primaria;Cardiovascular y riesgo vascular;Enfermedad tromboembolica venosa;no;TVP: probabilidad clinica, dimero D y ecografia;;sin_empezar;no;0;;;;0
Atencion Primaria;Cardiovascular y riesgo vascular;Enfermedad tromboembolica venosa;no;Tratamiento anticoagulante y duracion;;sin_empezar;no;0;;;;0
Atencion Primaria;Cardiovascular y riesgo vascular;Enfermedad tromboembolica venosa;no;Profilaxis de ETV en el paciente ambulatorio;;sin_empezar;no;0;;;;0
Atencion Primaria;Endocrino y metabolico;Diabetes mellitus tipo 2;si;Cribado, diagnostico y prediabetes;;sin_empezar;no;0;;;;0
Atencion Primaria;Endocrino y metabolico;Diabetes mellitus tipo 2;si;Objetivos de control glucemico individualizados (HbA1c);;sin_empezar;no;0;;;;0
Atencion Primaria;Endocrino y metabolico;Diabetes mellitus tipo 2;si;Algoritmo de tratamiento: metformina, iSGLT2, arGLP1;;sin_empezar;no;0;;;;0
Atencion Primaria;Endocrino y metabolico;Diabetes mellitus tipo 2;si;Insulinizacion en AP: pautas y titulacion;;sin_empezar;no;0;;;;0
Atencion Primaria;Endocrino y metabolico;Diabetes mellitus tipo 2;si;Cribado y manejo de complicaciones micro y macrovasculares;;sin_empezar;no;0;;;;0
Atencion Primaria;Endocrino y metabolico;Diabetes mellitus tipo 2;si;Pie diabetico: exploracion y prevencion;;sin_empezar;no;0;;;;0
Atencion Primaria;Endocrino y metabolico;Diabetes mellitus tipo 2;si;Hipoglucemia: prevencion y manejo;;sin_empezar;no;0;;;;0
Atencion Primaria;Endocrino y metabolico;Patologia tiroidea;si;Hipotiroidismo primario y subclinico;;sin_empezar;no;0;;;;0
Atencion Primaria;Endocrino y metabolico;Patologia tiroidea;si;Hipertiroidismo: causas y manejo inicial;;sin_empezar;no;0;;;;0
Atencion Primaria;Endocrino y metabolico;Patologia tiroidea;si;Nodulo tiroideo y solicitud de pruebas;;sin_empezar;no;0;;;;0
Atencion Primaria;Endocrino y metabolico;Patologia tiroidea;si;Tiroides y embarazo;;sin_empezar;no;0;;;;0
Atencion Primaria;Endocrino y metabolico;Obesidad;si;Valoracion, comorbilidad y objetivos;;sin_empezar;no;0;;;;0
Atencion Primaria;Endocrino y metabolico;Obesidad;si;Intervencion sobre estilo de vida;;sin_empezar;no;0;;;;0
Atencion Primaria;Endocrino y metabolico;Obesidad;si;Tratamiento farmacologico y criterios de cirugia bariatrica;;sin_empezar;no;0;;;;0
Atencion Primaria;Endocrino y metabolico;Osteoporosis y metabolismo oseo;no;Cribado, FRAX y densitometria;;sin_empezar;no;0;;;;0
Atencion Primaria;Endocrino y metabolico;Osteoporosis y metabolismo oseo;no;Suplementacion de calcio y vitamina D;;sin_empezar;no;0;;;;0
Atencion Primaria;Endocrino y metabolico;Osteoporosis y metabolismo oseo;no;"Bifosfonatos y otros tratamientos; duracion";;sin_empezar;no;0;;;;0
Atencion Primaria;Respiratorio;EPOC;si;Diagnostico espirometrico y valoracion de gravedad (GOLD);;sin_empezar;no;0;;;;0
Atencion Primaria;Respiratorio;EPOC;si;Fenotipos, eosinofilos y eleccion de inhaladores;;sin_empezar;no;0;;;;0
Atencion Primaria;Respiratorio;EPOC;si;Agudizacion de EPOC: manejo ambulatorio;;sin_empezar;no;0;;;;0
Atencion Primaria;Respiratorio;EPOC;si;Oxigenoterapia cronica domiciliaria y rehabilitacion;;sin_empezar;no;0;;;;0
Atencion Primaria;Respiratorio;Asma;si;Diagnostico y confirmacion de la variabilidad;;sin_empezar;no;0;;;;0
Atencion Primaria;Respiratorio;Asma;si;Escalones GINA y terapia con CI-formoterol a demanda;;sin_empezar;no;0;;;;0
Atencion Primaria;Respiratorio;Asma;si;Asma no controlada: revision de tecnica y adherencia;;sin_empezar;no;0;;;;0
Atencion Primaria;Respiratorio;Asma;si;Crisis asmatica: valoracion de gravedad y tratamiento;;sin_empezar;no;0;;;;0
Atencion Primaria;Respiratorio;Tabaquismo;si;Intervencion breve y entrevista motivacional;;sin_empezar;no;0;;;;0
Atencion Primaria;Respiratorio;Tabaquismo;si;Tratamiento farmacologico: TSN, vareniclina, bupropion;;sin_empezar;no;0;;;;0
Atencion Primaria;Respiratorio;Infecciones respiratorias;no;Faringoamigdalitis: criterios de Centor y antibioterapia;;sin_empezar;no;0;;;;0
Atencion Primaria;Respiratorio;Infecciones respiratorias;no;Neumonia adquirida en la comunidad: CRB-65 y tratamiento;;sin_empezar;no;0;;;;0
Atencion Primaria;Respiratorio;Infecciones respiratorias;no;Bronquitis aguda y tos persistente;;sin_empezar;no;0;;;;0
Atencion Primaria;Digestivo;Dispepsia y ERGE;no;Dispepsia no investigada: signos de alarma y test-and-treat;;sin_empezar;no;0;;;;0
Atencion Primaria;Digestivo;Dispepsia y ERGE;no;Helicobacter pylori: diagnostico y pautas de erradicacion;;sin_empezar;no;0;;;;0
Atencion Primaria;Digestivo;Dispepsia y ERGE;no;ERGE: manejo escalonado y deprescripcion de IBP;;sin_empezar;no;0;;;;0
Atencion Primaria;Digestivo;Patologia intestinal;no;Sindrome de intestino irritable: criterios de Roma y manejo;;sin_empezar;no;0;;;;0
Atencion Primaria;Digestivo;Patologia intestinal;no;Enfermedad celiaca: cribado y diagnostico;;sin_empezar;no;0;;;;0
Atencion Primaria;Digestivo;Patologia intestinal;no;Estrenimiento cronico y uso de laxantes;;sin_empezar;no;0;;;;0
Atencion Primaria;Digestivo;Patologia intestinal;no;Sangre oculta en heces y cribado de cancer colorrectal;;sin_empezar;no;0;;;;0
Atencion Primaria;Digestivo;Patologia hepatobiliar;no;Alteracion de la bioquimica hepatica: enfoque;;sin_empezar;no;0;;;;0
Atencion Primaria;Digestivo;Patologia hepatobiliar;no;Higado graso metabolico (MASLD);;sin_empezar;no;0;;;;0
Atencion Primaria;Digestivo;Patologia hepatobiliar;no;Cribado y seguimiento del consumo de alcohol;;sin_empezar;no;0;;;;0
Atencion Primaria;Nefrourologia;Enfermedad renal cronica;si;Deteccion: FG, cociente albumina/creatinina y clasificacion;;sin_empezar;no;0;;;;0
Atencion Primaria;Nefrourologia;Enfermedad renal cronica;si;Nefroproteccion: iSGLT2, IECA/ARA2 y control de PA;;sin_empezar;no;0;;;;0
Atencion Primaria;Nefrourologia;Enfermedad renal cronica;si;Ajuste de farmacos y criterios de derivacion a nefrologia;;sin_empezar;no;0;;;;0
Atencion Primaria;Nefrourologia;Patologia urinaria comun;no;"ITU no complicada y en el varon; ITU recurrente";;sin_empezar;no;0;;;;0
Atencion Primaria;Nefrourologia;Patologia urinaria comun;no;Hematuria: enfoque diagnostico;;sin_empezar;no;0;;;;0
Atencion Primaria;Nefrourologia;Patologia urinaria comun;no;Hiperplasia benigna de prostata: sintomas del tracto urinario inferior;;sin_empezar;no;0;;;;0
Atencion Primaria;Nefrourologia;Patologia urinaria comun;no;Litiasis renal: manejo del colico y prevencion;;sin_empezar;no;0;;;;0
Atencion Primaria;Neurologia;Cefaleas;si;Cefalea: banderas rojas y criterios de neuroimagen;;sin_empezar;no;0;;;;0
Atencion Primaria;Neurologia;Cefaleas;si;Migrana: tratamiento de la crisis y preventivo;;sin_empezar;no;0;;;;0
Atencion Primaria;Neurologia;Cefaleas;si;Cefalea tensional y cefalea por abuso de analgesicos;;sin_empezar;no;0;;;;0
Atencion Primaria;Neurologia;Ictus y prevencion;no;Codigo ictus y reconocimiento precoz;;sin_empezar;no;0;;;;0
Atencion Primaria;Neurologia;Ictus y prevencion;no;Prevencion primaria y secundaria del ictus;;sin_empezar;no;0;;;;0
Atencion Primaria;Neurologia;Ictus y prevencion;no;AIT: estratificacion del riesgo y actuacion;;sin_empezar;no;0;;;;0
Atencion Primaria;Neurologia;Deterioro cognitivo y demencia;no;Valoracion del deterioro cognitivo leve;;sin_empezar;no;0;;;;0
Atencion Primaria;Neurologia;Deterioro cognitivo y demencia;no;Diagnostico diferencial de las demencias;;sin_empezar;no;0;;;;0
Atencion Primaria;Neurologia;Deterioro cognitivo y demencia;no;Manejo de sintomas conductuales y apoyo al cuidador;;sin_empezar;no;0;;;;0
Atencion Primaria;Neurologia;Otros trastornos neurologicos;no;Temblor y enfermedad de Parkinson: aproximacion inicial;;sin_empezar;no;0;;;;0
Atencion Primaria;Neurologia;Otros trastornos neurologicos;no;"Mareo y vertigo: periferico vs central; maniobras";;sin_empezar;no;0;;;;0
Atencion Primaria;Neurologia;Otros trastornos neurologicos;no;Parálisis facial periferica y neuropatias frecuentes;;sin_empezar;no;0;;;;0
Atencion Primaria;Salud mental;Depresion y ansiedad;si;"Deteccion y diagnostico de la depresion; gravedad";;sin_empezar;no;0;;;;0
Atencion Primaria;Salud mental;Depresion y ansiedad;si;Tratamiento: ISRS, seguimiento y duracion;;sin_empezar;no;0;;;;0
Atencion Primaria;Salud mental;Depresion y ansiedad;si;Trastornos de ansiedad: abordaje inicial y derivacion;;sin_empezar;no;0;;;;0
Atencion Primaria;Salud mental;Depresion y ansiedad;si;Riesgo de suicidio: valoracion y actuacion;;sin_empezar;no;0;;;;0
Atencion Primaria;Salud mental;Insomnio y psicofarmacos;si;Insomnio cronico: higiene del sueno y TCC-i;;sin_empezar;no;0;;;;0
Atencion Primaria;Salud mental;Insomnio y psicofarmacos;si;Deprescripcion de benzodiacepinas;;sin_empezar;no;0;;;;0
Atencion Primaria;Salud mental;Insomnio y psicofarmacos;si;Uso racional de hipnoticos;;sin_empezar;no;0;;;;0
Atencion Primaria;Salud mental;Otros;no;Trastorno mental grave: seguimiento compartido;;sin_empezar;no;0;;;;0
Atencion Primaria;Salud mental;Otros;no;Consumo de alcohol y otras adicciones;;sin_empezar;no;0;;;;0
Atencion Primaria;Salud mental;Otros;no;Somatizacion y sintomas sin explicacion medica;;sin_empezar;no;0;;;;0
Atencion Primaria;Infeccioso y vacunas;Vacunacion;si;Calendario del adulto y vacunacion del mayor;;sin_empezar;no;0;;;;0
Atencion Primaria;Infeccioso y vacunas;Vacunacion;si;Vacunas en el paciente cronico e inmunodeprimido;;sin_empezar;no;0;;;;0
Atencion Primaria;Infeccioso y vacunas;Vacunacion;si;Gripe, neumococo, herpes zoster y VRS;;sin_empezar;no;0;;;;0
Atencion Primaria;Infeccioso y vacunas;Infecciones comunes;no;Uso prudente de antibioticos y resistencias;;sin_empezar;no;0;;;;0
Atencion Primaria;Infeccioso y vacunas;Infecciones comunes;no;Infecciones de piel y partes blandas;;sin_empezar;no;0;;;;0
Atencion Primaria;Infeccioso y vacunas;Infecciones comunes;no;Enfermedades de transmision sexual: cribado y tratamiento;;sin_empezar;no;0;;;;0
Atencion Primaria;Infeccioso y vacunas;Infecciones comunes;no;Consejo al viajero y fiebre en el viajero;;sin_empezar;no;0;;;;0
Atencion Primaria;Aparato locomotor y reumatologia;Dolor musculoesqueletico regional;si;Lumbalgia: banderas rojas y manejo;;sin_empezar;no;0;;;;0
Atencion Primaria;Aparato locomotor y reumatologia;Dolor musculoesqueletico regional;si;Cervicalgia y dolor de hombro;;sin_empezar;no;0;;;;0
Atencion Primaria;Aparato locomotor y reumatologia;Dolor musculoesqueletico regional;si;"Gonalgia y patologia de rodilla; artrosis";;sin_empezar;no;0;;;;0
Atencion Primaria;Aparato locomotor y reumatologia;Enfermedades reumaticas;no;Artritis: enfoque del paciente con dolor articular inflamatorio;;sin_empezar;no;0;;;;0
Atencion Primaria;Aparato locomotor y reumatologia;Enfermedades reumaticas;no;Polimialgia reumatica y arteritis de celulas gigantes;;sin_empezar;no;0;;;;0
Atencion Primaria;Aparato locomotor y reumatologia;Enfermedades reumaticas;no;Gota e hiperuricemia;;sin_empezar;no;0;;;;0
Atencion Primaria;Aparato locomotor y reumatologia;Osteomuscular practico;no;Infiltraciones en AP: indicaciones y tecnica;;sin_empezar;no;0;;;;0
Atencion Primaria;Aparato locomotor y reumatologia;Osteomuscular practico;no;Manejo del dolor cronico no oncologico;;sin_empezar;no;0;;;;0
Atencion Primaria;Dermatologia en AP;Lesiones cutaneas frecuentes;no;Eczemas y dermatitis atopica;;sin_empezar;no;0;;;;0
Atencion Primaria;Dermatologia en AP;Lesiones cutaneas frecuentes;no;Psoriasis: formas y tratamiento topico;;sin_empezar;no;0;;;;0
Atencion Primaria;Dermatologia en AP;Lesiones cutaneas frecuentes;no;Acne y rosacea;;sin_empezar;no;0;;;;0
Atencion Primaria;Dermatologia en AP;Lesiones cutaneas frecuentes;no;Infecciones cutaneas: micosis, herpes, escabiosis;;sin_empezar;no;0;;;;0
Atencion Primaria;Dermatologia en AP;Lesiones tumorales y cribado;si;Queratosis actinica y campo de cancerizacion;;sin_empezar;no;0;;;;0
Atencion Primaria;Dermatologia en AP;Lesiones tumorales y cribado;si;Carcinoma basocelular y espinocelular: sospecha y derivacion;;sin_empezar;no;0;;;;0
Atencion Primaria;Dermatologia en AP;Lesiones tumorales y cribado;si;"Nevus y regla ABCDE; cuando derivar";;sin_empezar;no;0;;;;0
Atencion Primaria;Dermatologia en AP;Lesiones tumorales y cribado;si;Urticaria y angioedema;;sin_empezar;no;0;;;;0
Atencion Primaria;ORL y oftalmologia en AP;ORL;no;"Otitis media y externa; otalgia";;sin_empezar;no;0;;;;0
Atencion Primaria;ORL y oftalmologia en AP;ORL;no;Rinosinusitis aguda y rinitis alergica;;sin_empezar;no;0;;;;0
Atencion Primaria;ORL y oftalmologia en AP;ORL;no;"Vertigo periferico y acufenos; hipoacusia";;sin_empezar;no;0;;;;0
Atencion Primaria;ORL y oftalmologia en AP;Oftalmologia;no;Ojo rojo: diagnostico diferencial y banderas rojas;;sin_empezar;no;0;;;;0
Atencion Primaria;ORL y oftalmologia en AP;Oftalmologia;no;Perdida brusca de vision: derivacion urgente;;sin_empezar;no;0;;;;0
Atencion Primaria;ORL y oftalmologia en AP;Oftalmologia;no;Cribado de retinopatia y glaucoma;;sin_empezar;no;0;;;;0
Atencion Primaria;Salud de la mujer y del hombre;Ginecologia en AP;no;Anticoncepcion: eleccion y seguimiento;;sin_empezar;no;0;;;;0
Atencion Primaria;Salud de la mujer y del hombre;Ginecologia en AP;no;Cribado de cancer de cervix y de mama;;sin_empezar;no;0;;;;0
Atencion Primaria;Salud de la mujer y del hombre;Ginecologia en AP;no;Sangrado uterino anormal y sindrome de ovario poliquistico;;sin_empezar;no;0;;;;0
Atencion Primaria;Salud de la mujer y del hombre;Ginecologia en AP;no;Menopausia y terapia hormonal;;sin_empezar;no;0;;;;0
Atencion Primaria;Salud de la mujer y del hombre;Embarazo y lactancia;no;Control del embarazo de bajo riesgo en AP;;sin_empezar;no;0;;;;0
Atencion Primaria;Salud de la mujer y del hombre;Embarazo y lactancia;no;Farmacos en embarazo y lactancia;;sin_empezar;no;0;;;;0
Atencion Primaria;Salud de la mujer y del hombre;Salud del hombre;no;Disfuncion erectil y hipogonadismo;;sin_empezar;no;0;;;;0
Atencion Primaria;Salud de la mujer y del hombre;Salud del hombre;no;Cribado de cancer de prostata: informacion y decision compartida;;sin_empezar;no;0;;;;0
Atencion Primaria;Pediatria en AP;Programa del nino sano;no;Controles de salud, percentiles y desarrollo psicomotor;;sin_empezar;no;0;;;;0
Atencion Primaria;Pediatria en AP;Programa del nino sano;no;Calendario vacunal infantil y dudas frecuentes;;sin_empezar;no;0;;;;0
Atencion Primaria;Pediatria en AP;Programa del nino sano;no;Alimentacion en el primer ano y ferropenia;;sin_empezar;no;0;;;;0
Atencion Primaria;Pediatria en AP;Patologia pediatrica frecuente;no;Fiebre sin foco y sindrome febril en el nino;;sin_empezar;no;0;;;;0
Atencion Primaria;Pediatria en AP;Patologia pediatrica frecuente;no;Infecciones respiratorias y bronquiolitis;;sin_empezar;no;0;;;;0
Atencion Primaria;Pediatria en AP;Patologia pediatrica frecuente;no;"Gastroenteritis y deshidratacion; exantemas";;sin_empezar;no;0;;;;0
Atencion Primaria;Pediatria en AP;Patologia pediatrica frecuente;no;TDAH y problemas de conducta: cribado y derivacion;;sin_empezar;no;0;;;;0
Atencion Primaria;Mayor, cronicidad y paliativos;Atencion al paciente cronico complejo;si;Valoracion geriatrica integral en AP;;sin_empezar;no;0;;;;0
Atencion Primaria;Mayor, cronicidad y paliativos;Atencion al paciente cronico complejo;si;Polifarmacia y deprescripcion (criterios STOPP/START);;sin_empezar;no;0;;;;0
Atencion Primaria;Mayor, cronicidad y paliativos;Atencion al paciente cronico complejo;si;Sindromes geriatricos: caidas, fragilidad, delirium;;sin_empezar;no;0;;;;0
Atencion Primaria;Mayor, cronicidad y paliativos;Atencion al paciente cronico complejo;si;Incontinencia urinaria en el mayor;;sin_empezar;no;0;;;;0
Atencion Primaria;Mayor, cronicidad y paliativos;Cuidados paliativos;no;Identificacion de necesidades paliativas (NECPAL);;sin_empezar;no;0;;;;0
Atencion Primaria;Mayor, cronicidad y paliativos;Cuidados paliativos;no;Control de sintomas: dolor, disnea, nauseas;;sin_empezar;no;0;;;;0
Atencion Primaria;Mayor, cronicidad y paliativos;Cuidados paliativos;no;Ultimos dias, sedacion paliativa y atencion a la familia;;sin_empezar;no;0;;;;0
Atencion Primaria;Prevencion y actividades comunitarias;Actividades preventivas;si;PAPPS: recomendaciones de cribado por edad y sexo;;sin_empezar;no;0;;;;0
Atencion Primaria;Prevencion y actividades comunitarias;Actividades preventivas;si;Prevencion cuaternaria y no hacer (recomendaciones);;sin_empezar;no;0;;;;0
Atencion Primaria;Prevencion y actividades comunitarias;Actividades preventivas;si;Consejo sobre actividad fisica, alimentacion y alcohol;;sin_empezar;no;0;;;;0
Atencion Primaria;Prevencion y actividades comunitarias;Gestion de la consulta;no;Interpretacion de pruebas: sensibilidad, VPP y razones de verosimilitud;;sin_empezar;no;0;;;;0
Atencion Primaria;Prevencion y actividades comunitarias;Gestion de la consulta;no;Incapacidad temporal y certificados;;sin_empezar;no;0;;;;0
Atencion Primaria;Prevencion y actividades comunitarias;Gestion de la consulta;no;Lectura critica y medicina basada en la evidencia;;sin_empezar;no;0;;;;0
Urgencias y Emergencias;Soporte vital y parada cardiaca;RCP y soporte vital;si;SVB y DEA: secuencia y calidad de las compresiones;;sin_empezar;no;0;;;;0
Urgencias y Emergencias;Soporte vital y parada cardiaca;RCP y soporte vital;si;SVA: algoritmo de ritmos desfibrilables y no desfibrilables;;sin_empezar;no;0;;;;0
Urgencias y Emergencias;Soporte vital y parada cardiaca;RCP y soporte vital;si;Farmacos en la PCR y causas reversibles (4H/4T);;sin_empezar;no;0;;;;0
Urgencias y Emergencias;Soporte vital y parada cardiaca;RCP y soporte vital;si;Cuidados posresucitacion y pronostico;;sin_empezar;no;0;;;;0
Urgencias y Emergencias;Soporte vital y parada cardiaca;RCP y soporte vital;si;Via aerea en urgencias: dispositivos y secuencia rapida de intubacion;;sin_empezar;no;0;;;;0
Urgencias y Emergencias;Urgencias cardiovasculares;Sindrome coronario agudo;si;Dolor toracico: estratificacion y ECG en <10 min;;sin_empezar;no;0;;;;0
Urgencias y Emergencias;Urgencias cardiovasculares;Sindrome coronario agudo;si;SCACEST: reperfusion y tiempos;;sin_empezar;no;0;;;;0
Urgencias y Emergencias;Urgencias cardiovasculares;Sindrome coronario agudo;si;SCASEST: estratificacion de riesgo y tratamiento;;sin_empezar;no;0;;;;0
Urgencias y Emergencias;Urgencias cardiovasculares;Sindrome coronario agudo;si;Complicaciones del IAM;;sin_empezar;no;0;;;;0
Urgencias y Emergencias;Urgencias cardiovasculares;Arritmias en urgencias;si;Taquicardia de QRS estrecho: diagnostico y maniobras;;sin_empezar;no;0;;;;0
Urgencias y Emergencias;Urgencias cardiovasculares;Arritmias en urgencias;si;Taquicardia de QRS ancho y TV;;sin_empezar;no;0;;;;0
Urgencias y Emergencias;Urgencias cardiovasculares;Arritmias en urgencias;si;"Bradiarritmias y bloqueos; marcapasos transcutaneo";;sin_empezar;no;0;;;;0
Urgencias y Emergencias;Urgencias cardiovasculares;Arritmias en urgencias;si;FA con respuesta rapida y cardioversion;;sin_empezar;no;0;;;;0
Urgencias y Emergencias;Urgencias cardiovasculares;Arritmias en urgencias;si;Manejo de la parada en Torsade y QT largo;;sin_empezar;no;0;;;;0
Urgencias y Emergencias;Urgencias cardiovasculares;Insuficiencia cardiaca aguda;no;Edema agudo de pulmon: tratamiento inmediato;;sin_empezar;no;0;;;;0
Urgencias y Emergencias;Urgencias cardiovasculares;Insuficiencia cardiaca aguda;no;Shock cardiogenico: reconocimiento y soporte;;sin_empezar;no;0;;;;0
Urgencias y Emergencias;Urgencias cardiovasculares;Insuficiencia cardiaca aguda;no;Sincope: estratificacion de riesgo (reglas);;sin_empezar;no;0;;;;0
Urgencias y Emergencias;Urgencias respiratorias;Insuficiencia respiratoria aguda;si;Valoracion de la disnea y gasometria;;sin_empezar;no;0;;;;0
Urgencias y Emergencias;Urgencias respiratorias;Insuficiencia respiratoria aguda;si;Oxigenoterapia y ventilacion no invasiva;;sin_empezar;no;0;;;;0
Urgencias y Emergencias;Urgencias respiratorias;Insuficiencia respiratoria aguda;si;Agudizacion grave de EPOC y crisis asmatica en urgencias;;sin_empezar;no;0;;;;0
Urgencias y Emergencias;Urgencias respiratorias;Insuficiencia respiratoria aguda;si;Tromboembolia pulmonar: escalas, dimero D y tratamiento;;sin_empezar;no;0;;;;0
Urgencias y Emergencias;Urgencias respiratorias;Otras;no;Neumotorax: diagnostico y drenaje;;sin_empezar;no;0;;;;0
Urgencias y Emergencias;Urgencias respiratorias;Otras;no;Hemoptisis: gravedad y manejo;;sin_empezar;no;0;;;;0
Urgencias y Emergencias;Urgencias respiratorias;Otras;no;Aspiracion y obstruccion de via aerea por cuerpo extrano;;sin_empezar;no;0;;;;0
Urgencias y Emergencias;Urgencias neurologicas;Codigo ictus y focalidad;si;Codigo ictus: criterios y ventana de tratamiento;;sin_empezar;no;0;;;;0
Urgencias y Emergencias;Urgencias neurologicas;Codigo ictus y focalidad;si;Hemorragia subaracnoidea y cefalea centinela;;sin_empezar;no;0;;;;0
Urgencias y Emergencias;Urgencias neurologicas;Codigo ictus y focalidad;si;Estatus epileptico y crisis en urgencias;;sin_empezar;no;0;;;;0
Urgencias y Emergencias;Urgencias neurologicas;Alteracion del nivel de conciencia;no;Coma: enfoque sistematico y escala de Glasgow;;sin_empezar;no;0;;;;0
Urgencias y Emergencias;Urgencias neurologicas;Alteracion del nivel de conciencia;no;Sindrome confusional agudo en urgencias;;sin_empezar;no;0;;;;0
Urgencias y Emergencias;Urgencias neurologicas;Alteracion del nivel de conciencia;no;Vertigo agudo: HINTS y diferenciacion central;;sin_empezar;no;0;;;;0
Urgencias y Emergencias;Toxicologia y ambientales;Intoxicaciones;si;Manejo general del intoxicado y descontaminacion;;sin_empezar;no;0;;;;0
Urgencias y Emergencias;Toxicologia y ambientales;Intoxicaciones;si;Antidotos esenciales y sus indicaciones;;sin_empezar;no;0;;;;0
Urgencias y Emergencias;Toxicologia y ambientales;Intoxicaciones;si;Intoxicaciones frecuentes: paracetamol, benzodiacepinas, opioides, alcohol;;sin_empezar;no;0;;;;0
Urgencias y Emergencias;Toxicologia y ambientales;Intoxicaciones;si;Intoxicacion por CO, humo y toxicos de riesgo vital;;sin_empezar;no;0;;;;0
Urgencias y Emergencias;Toxicologia y ambientales;Urgencias ambientales;no;Hipotermia y congelaciones;;sin_empezar;no;0;;;;0
Urgencias y Emergencias;Toxicologia y ambientales;Urgencias ambientales;no;Golpe de calor y patologia por calor;;sin_empezar;no;0;;;;0
Urgencias y Emergencias;Toxicologia y ambientales;Urgencias ambientales;no;"Ahogamiento; picaduras y mordeduras";;sin_empezar;no;0;;;;0
Urgencias y Emergencias;Toxicologia y ambientales;Urgencias ambientales;no;Anafilaxia: reconocimiento y adrenalina IM;;sin_empezar;no;0;;;;0
Urgencias y Emergencias;Shock, sepsis y metabolico;Shock y sepsis;si;Reconocimiento del shock y tipos;;sin_empezar;no;0;;;;0
Urgencias y Emergencias;Shock, sepsis y metabolico;Shock y sepsis;si;Sepsis y shock septico: paquetes de la primera hora;;sin_empezar;no;0;;;;0
Urgencias y Emergencias;Shock, sepsis y metabolico;Shock y sepsis;si;Fluidoterapia y drogas vasoactivas basicas;;sin_empezar;no;0;;;;0
Urgencias y Emergencias;Shock, sepsis y metabolico;Urgencias metabolicas y endocrinas;no;Cetoacidosis diabetica y estado hiperosmolar;;sin_empezar;no;0;;;;0
Urgencias y Emergencias;Shock, sepsis y metabolico;Urgencias metabolicas y endocrinas;no;Hipoglucemia grave;;sin_empezar;no;0;;;;0
Urgencias y Emergencias;Shock, sepsis y metabolico;Urgencias metabolicas y endocrinas;no;Alteraciones del potasio, del sodio y del calcio;;sin_empezar;no;0;;;;0
Urgencias y Emergencias;Shock, sepsis y metabolico;Urgencias metabolicas y endocrinas;no;Crisis tiroidea e insuficiencia suprarrenal aguda;;sin_empezar;no;0;;;;0
Urgencias y Emergencias;Urgencias abdominales, urologicas y otras;Abdomen agudo;no;Dolor abdominal agudo: orientacion por localizacion;;sin_empezar;no;0;;;;0
Urgencias y Emergencias;Urgencias abdominales, urologicas y otras;Abdomen agudo;no;Hemorragia digestiva alta y baja;;sin_empezar;no;0;;;;0
Urgencias y Emergencias;Urgencias abdominales, urologicas y otras;Abdomen agudo;no;Pancreatitis aguda y patologia biliar;;sin_empezar;no;0;;;;0
Urgencias y Emergencias;Urgencias abdominales, urologicas y otras;Urologicas y ginecologicas;no;Colico renal y uropatia obstructiva;;sin_empezar;no;0;;;;0
Urgencias y Emergencias;Urgencias abdominales, urologicas y otras;Urologicas y ginecologicas;no;Retencion aguda de orina y sondaje;;sin_empezar;no;0;;;;0
Urgencias y Emergencias;Urgencias abdominales, urologicas y otras;Urologicas y ginecologicas;no;Urgencias ginecologicas: gestacion ectopica, EPI, metrorragia;;sin_empezar;no;0;;;;0
Urgencias y Emergencias;Urgencias abdominales, urologicas y otras;Psiquiatricas y sociales;no;Agitacion psicomotriz: contencion verbal, farmacologica y mecanica;;sin_empezar;no;0;;;;0
Urgencias y Emergencias;Urgencias abdominales, urologicas y otras;Psiquiatricas y sociales;no;Conducta suicida en urgencias;;sin_empezar;no;0;;;;0
Urgencias y Emergencias;Urgencias abdominales, urologicas y otras;Psiquiatricas y sociales;no;Sospecha de violencia y parte de lesiones;;sin_empezar;no;0;;;;0
Urgencias y Emergencias;Trauma;Atencion inicial al politraumatizado;no;Valoracion primaria ABCDE y control de hemorragia;;sin_empezar;no;0;;;;0
Urgencias y Emergencias;Trauma;Atencion inicial al politraumatizado;no;Traumatismo craneoencefalico: criterios de TC y observacion;;sin_empezar;no;0;;;;0
Urgencias y Emergencias;Trauma;Atencion inicial al politraumatizado;no;Traumatismo toracico y abdominal;;sin_empezar;no;0;;;;0
Urgencias y Emergencias;Trauma;Atencion inicial al politraumatizado;no;Heridas, quemaduras y manejo del dolor agudo;;sin_empezar;no;0;;;;0
Emergencias Extrahospitalarias;Emergencias extrahospitalarias;Organizacion y escena;no;Aproximacion a la escena y seguridad;;sin_empezar;no;0;;;;0
Emergencias Extrahospitalarias;Emergencias extrahospitalarias;Organizacion y escena;no;Triaje prehospitalario (metodo START/SHORT);;sin_empezar;no;0;;;;0
Emergencias Extrahospitalarias;Emergencias extrahospitalarias;Organizacion y escena;no;Incidente de multiples victimas y catastrofes;;sin_empezar;no;0;;;;0
Emergencias Extrahospitalarias;Emergencias extrahospitalarias;Organizacion y escena;no;Comunicacion, transferencia y registro;;sin_empezar;no;0;;;;0
Emergencias Extrahospitalarias;Emergencias extrahospitalarias;Tecnicas y transporte;no;"Movilizacion e inmovilizacion; retirada de casco";;sin_empezar;no;0;;;;0
Emergencias Extrahospitalarias;Emergencias extrahospitalarias;Tecnicas y transporte;no;Fisiopatologia del transporte sanitario;;sin_empezar;no;0;;;;0
Emergencias Extrahospitalarias;Emergencias extrahospitalarias;Tecnicas y transporte;no;Material y farmacos del vehiculo asistencial;;sin_empezar;no;0;;;;0
Emergencias Extrahospitalarias;Emergencias extrahospitalarias;Tecnicas y transporte;no;Atencion al parto extrahospitalario y reanimacion neonatal;;sin_empezar;no;0;;;;0
Dermatoscopia;Dermatoscopia diagnostica;Fundamentos;no;Estructuras y colores dermatoscopicos basicos;;sin_empezar;no;0;;;;0
Dermatoscopia;Dermatoscopia diagnostica;Fundamentos;no;Algoritmo en dos pasos: melanocitico vs no melanocitico;;sin_empezar;no;0;;;;0
Dermatoscopia;Dermatoscopia diagnostica;Fundamentos;no;Patrones de lesiones melanociticas benignas;;sin_empezar;no;0;;;;0
Dermatoscopia;Dermatoscopia diagnostica;Diagnostico de malignidad;si;Criterios de melanoma: analisis de patrones y regla de los 7 puntos;;sin_empezar;no;0;;;;0
Dermatoscopia;Dermatoscopia diagnostica;Diagnostico de malignidad;si;Melanoma lentiginoso facial y acral;;sin_empezar;no;0;;;;0
Dermatoscopia;Dermatoscopia diagnostica;Diagnostico de malignidad;si;Carcinoma basocelular: criterios dermatoscopicos;;sin_empezar;no;0;;;;0
Dermatoscopia;Dermatoscopia diagnostica;Diagnostico de malignidad;si;Queratosis seborreica, angioma y lesiones no melanociticas frecuentes;;sin_empezar;no;0;;;;0
Dermatoscopia;Dermatoscopia diagnostica;Diagnostico de malignidad;si;Dermatoscopia de la consulta: flujo y seguimiento digital;;sin_empezar;no;0;;;;0
MIR;Preparacion MIR;Preguntas de examen;no;Bloque semanal de preguntas MIR: cardiologia y neumologia;;sin_empezar;no;0;;;;0
MIR;Preparacion MIR;Preguntas de examen;no;Bloque semanal de preguntas MIR: digestivo y nefrologia;;sin_empezar;no;0;;;;0
MIR;Preparacion MIR;Preguntas de examen;no;Bloque semanal de preguntas MIR: infecciosas y farmacologia;;sin_empezar;no;0;;;;0
MIR;Preparacion MIR;Preguntas de examen;no;Bloque semanal de preguntas MIR: neurologia y psiquiatria;;sin_empezar;no;0;;;;0
MIR;Preparacion MIR;Preguntas de examen;no;Analisis de falladas y estadistica del test;;sin_empezar;no;0;;;;0
